index,sum,max_cnt,max_title
244,88244396,6927042,满足了甲方奇怪的癖好
243,156479981,12710630,树：讲真的，我已经不在乎那条虫子了！
242,120722977,11109812,《原神》角色演示-「芙宁娜：世界皆舞台」
241,138423655,10078536,【2023共创之夜】完整版回放：欢迎来到王者荣耀
240,124979713,9725828,干！
239,147121801,13398362,跟着福岛渔民出海，捞上来的鱼检测结果如何？【东瀛大宝荐02】
238,139646826,13195475,听？
237,154798274,11983963,当我发现妈妈竟然是16W粉丝的网红….
236,178042492,18201188,鉴定咬伤粉丝的毒蛇(2)老人自述被五步蛇咬伤！但其实并不是？应该用什么血清？
235,194674423,18014667,如何在家用西瓜制造白砂糖
234,151446714,13433796,【老番茄】我结婚啦！！！
233,147052795,11547918,兄弟们，这一期真的要看到最后！
232,194222228,21991467,等待不一定是坏事，它或许是你找到救赎的唯一出路，高分电影《幸福终点站》
231,214731288,24509856,全球唯一！豪华邮轮上的米其林16星餐厅！都吃些什么？
230,197815224,23742090,不要“做”挑战？（第十七期）
229,218404408,12233584,都市丽人失踪半年，被发现时成了“性感荷官”，私下遭受非人虐待
228,207632335,13479776,【轰】我精神状态超好的啦！！
227,235149855,19849782,贱谍过家家（4）
226,283186680,26277616,我花了半年时间给猫做了个房子
225,200888281,20909939,这个世界是被设计好的，我们只是其中的一枚棋子，电影《楚门的世界》
224,192429309,14307335,《原神》序曲PV——「致终幕的欢宴」
223,239671342,28992299,“我，（        ），打钱！”
222,235547008,25576705,我反反复复！我梅开二度！
221,193655639,17181844,傻蛋
220,201280088,16024329,小潮别死
219,166173387,9804892,消失的18块
218,182844558,9019657,要被这曹操盖饭笑死哈哈哈！
217,197875143,13858570,小潮team擂台赛
216,154604042,10987948,《 天 价 水 果 》第五期
215,268293327,19716241,躲狗狗
214,203610211,15931555,手机炸弹
213,189255390,12908429,๏ เ เ ค เ ๏ ๏ ๏ ๏ ๏ เ ค เ
212,181690858,13275553,YOASOBI アイドル(Idol) Official Music Video
211,173942750,13699017,『从头看她』1920-2020，中国女性发型的百年变迁
210,181238178,19974414,狗是谁？（3）
209,201597919,12748193,我被禁言了2
208,173578952,18652974,贱谍过家家（3）
207,214109149,17449182,超级宇宙无敌回旋巨烂活
206,178858917,12216836,鹅鸭傻（2）
205,222098961,13342099,剑与战斧的对决！一名剑客的蜕化与救赎！
204,227396617,15618163,用《狂飙》的方式打开熊出没！
203,212632597,20222638,鹅鸭傻
202,218992645,13996385,头好痒，要长脑子了
201,238727244,15572321,【原神新春会】我不曾忘记 | 致旅行中的你
200,262052120,15843599,【官方MV】《One Last Chicken》 再见了，所有的只因战士
199,231791525,9339524,哈士奇到底有多贱
198,272628424,49426764,这一定就是原片吧9
